Título," Descripción"," Estatus"," Prioridad"," Tipo de Tarea"," Asignado a"," Creado por"," Última actualización hecha por"," Creado en"," Horas estimadas"," Horas invertidas"
"Estabilización y Soporte Fuerza de Ventas",,Cerrado,Medium,Development,"Marco Antonio Alavez Mejia","Marco Antonio Alavez Mejia","Marco Antonio Alavez Mejia","Sep 07, 2018 9:24 AM","40 hrs ","25 hrs "
,,Nueva,Medium,Development,"Marco Antonio Alavez Mejia","Marco Antonio Alavez Mejia",,"Sep 07, 2018 9:25 AM",,0
,,Nueva,Medium,Development,"Marco Antonio Alavez Mejia","Marco Antonio Alavez Mejia",,"Sep 07, 2018 9:25 AM",,0
,,Resuelto,Medium,Development,"Marco Antonio Alavez Mejia","Marco Antonio Alavez Mejia",,"Sep 07, 2018 9:26 AM",,0
,,Cerrado,Medium,Development,"Marco Antonio Alavez Mejia","Marco Antonio Alavez Mejia",,"Sep 07, 2018 9:26 AM",,0
,,Cerrado,Medium,Development,"Marco Antonio Alavez Mejia","Marco Antonio Alavez Mejia",,"Sep 07, 2018 9:26 AM",,0
