Título," Descripción"," Estatus"," Prioridad"," Tipo de Tarea"," Asignado a"," Creado por"," Última actualización hecha por"," Creado en"," Horas estimadas"," Horas invertidas"
"pureba 1 hrs",dsfasdf,Nueva,Medium,Development,"Alan Hernandez","Alan Hernandez","Alan Hernandez","02 Apr, 2018 6:01 PM","1 hr ","15 hrs 15 mins"
,jk,Nueva,Medium,Development,"Alan Hernandez","Alan Hernandez",,"02 Apr, 2018 6:06 PM",,0
,,Nueva,Medium,Development,"Alan Hernandez","Alan Hernandez",,"03 Apr, 2018 10:27 AM",,0
,,Nueva,Medium,Development,"Alan Hernandez","Alan Hernandez",,"03 Apr, 2018 10:36 AM",,0
,,Nueva,Medium,Development,"Alan Hernandez","Alan Hernandez",,"03 Apr, 2018 10:37 AM",,0
,,Nueva,Medium,Development,"Alan Hernandez","Alan Hernandez",,"03 Apr, 2018 10:40 AM",,0
,,Nueva,Medium,Development,"Alan Hernandez","Alan Hernandez",,"03 Apr, 2018 10:41 AM",,0
,,Nueva,Medium,Development,"Alan Hernandez","Alan Hernandez",,"03 Apr, 2018 10:47 AM",,0
,jk,Nueva,Medium,Development,"Alan Hernandez","Alan Hernandez",,"03 Apr, 2018 10:47 AM",,0
,,Nueva,Medium,Development,"Alan Hernandez","Alan Hernandez",,"03 Apr, 2018 10:48 AM",,0
,jk,Nueva,Medium,Development,"Alan Hernandez","Alan Hernandez",,"03 Apr, 2018 10:48 AM",,0
,,Nueva,Medium,Development,"Alan Hernandez","Alan Hernandez",,"03 Apr, 2018 10:48 AM",,0
,,Nueva,Medium,Development,"Alan Hernandez","Alan Hernandez",,"03 Apr, 2018 10:48 AM",,0
,jk,Nueva,Medium,Development,"Alan Hernandez","Alan Hernandez",,"03 Apr, 2018 10:49 AM",,0
,,Nueva,Medium,Development,"Alan Hernandez","Alan Hernandez",,"03 Apr, 2018 10:49 AM",,0
,jk,Nueva,Medium,Development,"Alan Hernandez","Alan Hernandez",,"03 Apr, 2018 10:49 AM",,0
,,Nueva,Medium,Development,"Alan Hernandez","Alan Hernandez",,"03 Apr, 2018 10:49 AM",,0
,,Nueva,Medium,Development,"Alan Hernandez","Alan Hernandez",,"03 Apr, 2018 10:50 AM",,0
,,Nueva,Medium,Development,"Alan Hernandez","Alan Hernandez",,"03 Apr, 2018 10:50 AM",,0
,,Nueva,Medium,Development,"Alan Hernandez","Alan Hernandez",,"03 Apr, 2018 10:51 AM",,0
,,Nueva,Medium,Development,"Alan Hernandez","Alan Hernandez",,"03 Apr, 2018 10:51 AM",,0
,,Nueva,Medium,Development,"Alan Hernandez","Alan Hernandez",,"03 Apr, 2018 10:51 AM",,0
,,Nueva,Medium,Development,"Alan Hernandez","Alan Hernandez",,"03 Apr, 2018 10:51 AM",,0
,,Nueva,Medium,Development,"Alan Hernandez","Alan Hernandez",,"03 Apr, 2018 10:51 AM",,0
,jk,Nueva,Medium,Development,"Alan Hernandez","Alan Hernandez",,"03 Apr, 2018 10:53 AM",,0
,jk,Nueva,Medium,Development,"Alan Hernandez","Alan Hernandez",,"03 Apr, 2018 10:54 AM",,0
,,Nueva,Medium,Development,"Alan Hernandez","Alan Hernandez",,"03 Apr, 2018 10:54 AM",,0
,,Nueva,Medium,Development,"Alan Hernandez","Alan Hernandez",,"03 Apr, 2018 11:07 AM",,0
,jk,Nueva,Medium,Development,"Alan Hernandez","Alan Hernandez",,"03 Apr, 2018 11:07 AM",,0
