Título," Descripción"," Estatus"," Prioridad"," Tipo de Tarea"," Asignado a"," Creado por"," Última actualización hecha por"," Creado en"," Horas estimadas"," Horas invertidas"
"Crear Propuesta y estimación Azteca Colombia",,Resuelto,Medium,Development,"Marco Antonio Alavez Mejia","Marco Antonio Alavez Mejia","Marco Antonio Alavez Mejia","Jan 03, 2019 4:17 PM","24 hrs ","21 hrs "
,,Nueva,Medium,Development,"Marco Antonio Alavez Mejia","Marco Antonio Alavez Mejia",,"Jan 03, 2019 4:18 PM",,0
,,Nueva,Medium,Development,"Marco Antonio Alavez Mejia","Marco Antonio Alavez Mejia",,"Jan 03, 2019 4:18 PM",,0
,,Nueva,Medium,Development,"Marco Antonio Alavez Mejia","Marco Antonio Alavez Mejia",,"Jan 03, 2019 4:19 PM",,0
,,Nueva,Medium,Development,"Marco Antonio Alavez Mejia","Marco Antonio Alavez Mejia",,"Jan 03, 2019 4:19 PM",,0
,,Nueva,Medium,Development,"Marco Antonio Alavez Mejia","Marco Antonio Alavez Mejia",,"Jan 03, 2019 4:19 PM",,0
,,Resuelto,Medium,Development,"Marco Antonio Alavez Mejia","Marco Antonio Alavez Mejia",,"Jan 03, 2019 4:20 PM",,0
