Title," Description"," Status"," Priority"," Task Type"," Assigned To"," Created By"," Last Updated By"," Created On"," Estimated Hours"," Hours Spent"
test4545,,Resolved,Medium,Development,acharya.satyajeet,acharya.satyajeet,acharya.satyajeet,"07/06/2016 20:07:04",---,---
,,Started,Medium,Development,acharya.satyajeet,acharya.satyajeet,,"07/12/2016 19:12:12",,0
,,Closed,Medium,Development,acharya.satyajeet,acharya.satyajeet,,"07/12/2016 19:12:22",,0
,,Resolved,Medium,Development,acharya.satyajeet,acharya.satyajeet,,"07/12/2016 19:31:31",,0
