Título," Descripción"," Estatus"," Prioridad"," Tipo de Tarea"," Asignado a"," Creado por"," Última actualización hecha por"," Creado en"," Horas estimadas"," Horas invertidas"
"Ws red y brm","Dejar din&aacute;mico activaci&oacute;n empresarial, poder permitir enviar solo a Red y solo a BRM o ambas a la vez, desde configurar facturaci&oacute;n en el AP.",Cerrado,High,Development,"Saul Gonzalez","Saul Gonzalez","Saul Gonzalez","Jan 15, 2019 1:28 AM",---,"16 hrs "
,,Nueva,High,Development,"Saul Gonzalez","Saul Gonzalez",,"Jan 15, 2019 1:29 AM",,0
,"Agregar campos al Objeto y mapeo al WS",Nueva,High,Development,"Saul Gonzalez","Saul Gonzalez",,"Jan 15, 2019 1:31 AM",,0
,"Pruebas envió a BRM y entrega",Nueva,High,Development,"Saul Gonzalez","Saul Gonzalez",,"Jan 15, 2019 1:33 AM",,0
,,Resuelto,High,Development,"Saul Gonzalez","Saul Gonzalez",,"Jan 15, 2019 1:33 AM",,0
,,Cerrado,High,Development,"Saul Gonzalez","Saul Gonzalez",,"Jan 28, 2019 1:37 PM",,0
,,Resuelto,High,Development,"Saul Gonzalez","Saul Gonzalez",,"Jan 28, 2019 2:29 PM",,0
,,Cerrado,High,Development,"Saul Gonzalez","Saul Gonzalez",,"Jan 28, 2019 2:29 PM",,0
