Título," Descripción"," Estatus"," Prioridad"," Tipo de Tarea"," Asignado a"," Creado por"," Última actualización hecha por"," Creado en"," Horas estimadas"," Horas invertidas"
"María de Lourdes Canul Agüeros",,Iniciado,High,PM,"Maria de Lourdes Canul","Maria de Lourdes Canul","Maria de Lourdes Canul","Apr 02, 2018 2:24 PM",---,"880 hrs 30 mins"
,,Nueva,High,PM,"Maria de Lourdes Canul","Maria de Lourdes Canul",,"Apr 02, 2018 2:26 PM",,0
,,Iniciado,High,PM,"Maria de Lourdes Canul","Maria de Lourdes Canul",,"Apr 02, 2018 2:26 PM",,0
,"realización de carpetas solo para algunos recursos que están con proyectos anteriores, terminación de las carpetas que se presentará a PMO",Iniciado,High,PM,"Maria de Lourdes Canul","Maria de Lourdes Canul",,"Apr 03, 2018 11:37 AM",,0
,"Elaboración de guía para creación de carpetas, junta con mi líder para la elaboración de guía para creación de carpetas",Iniciado,High,PM,"Maria de Lourdes Canul","Maria de Lourdes Canul",,"Apr 05, 2018 4:40 PM",,0
,"Creación de centro de costos para proyecto Xertica, se continua con la elaboración de guía para creación de guía de carpetas, se empieza con la recabación de inofmación de producción para reporte a dirección.",Iniciado,High,PM,"Maria de Lourdes Canul","Maria de Lourdes Canul",,"Apr 05, 2018 4:42 PM",,0
,"Verificación de Información de Orangescrum y Drive",Iniciado,High,PM,"Maria de Lourdes Canul","Maria de Lourdes Canul",,"Apr 10, 2018 3:53 PM",,0
,"Recabación de Información de Orange y Drive, para verificar la diferencia de horas entre Orange y Drive, entrega de información para la junta Directiva",Iniciado,High,PM,"Maria de Lourdes Canul","Maria de Lourdes Canul",,"Apr 10, 2018 3:56 PM",,0
,"Se continua con la elaboración del Powerpoint para la creación de carpetas.
Reunión interna para presentar el kickoff de Xertica.
Creación de Carpeta Física del cliente Xertica.",Iniciado,High,PM,"Maria de Lourdes Canul","Maria de Lourdes Canul",,"Apr 10, 2018 5:57 PM",,0
,"Se continua con la elaboración del Powerpoint para la creación de carpetas.
Reunión interna para presentar el kickoff de Xertica.
Creación de Carpeta Física del cliente Xertica.",Iniciado,High,PM,"Maria de Lourdes Canul","Maria de Lourdes Canul",,"Apr 10, 2018 5:58 PM",,0
,"Recabación de Información de Orange y Drive, para verificar la diferencia de horas entre Orange y Drive, entrega de información para la junta Directiva",Iniciado,High,PM,"Maria de Lourdes Canul","Maria de Lourdes Canul",,"Apr 10, 2018 5:59 PM",,0
,"Impresión de portadas para la carpeta, armado de carpeta de Xertica, Continuar con la guía para la creación de carpetas,",Iniciado,High,PM,"Maria de Lourdes Canul","Maria de Lourdes Canul",,"Apr 12, 2018 1:11 PM",,0
,"Junta con Mariana y Raúl para ajuste de horas de Orangescrum, Continuidad de elaboración de la guía de carpeta, junta con Ediel para este tema. Comienzo elaboración de información para dirección",Iniciado,High,PM,"Maria de Lourdes Canul","Maria de Lourdes Canul",,"Apr 12, 2018 1:15 PM",,0
,"Captura de producción para informe a dirección",Iniciado,High,PM,"Maria de Lourdes Canul","Maria de Lourdes Canul",,"Apr 16, 2018 10:46 AM",,0
,"Elaboración de Powerpoint para la guía de creación de carpetas, revisión de recursos que tengan su registro de horas al dia",Iniciado,High,PM,"Maria de Lourdes Canul","Maria de Lourdes Canul",,"Apr 17, 2018 11:53 AM",,0
,"Elaboración de Powerpoint para la guía de creación de carpetas, revisión de recursos que tengan su registro de horas al dia",Iniciado,High,PM,"Maria de Lourdes Canul","Maria de Lourdes Canul",,"Apr 17, 2018 11:54 AM",,0
,"Captura de producción para informe a dirección",Iniciado,High,PM,"Maria de Lourdes Canul","Maria de Lourdes Canul",,"Apr 17, 2018 11:54 AM",,0
,"Elaboración de Powerpoint para la guía de creación de carpetas, revisión de recursos que tengan su registro de horas al dia",Iniciado,High,PM,"Maria de Lourdes Canul","Maria de Lourdes Canul",,"Apr 17, 2018 11:55 AM",,0
,"Verificación de información en Orangescrum, entrega de horas aplicadas a Office por Rol, corrección de horas con algunos de los recursos",Iniciado,High,PM,"Maria de Lourdes Canul","Maria de Lourdes Canul",,"Apr 18, 2018 11:22 AM",,0
,"Elaboración de análisis consumidas por banco de horas  de la Iglesia, bajar infomación de Orange, tutoriales de excel para la automatización del informe que se entrega a gerencia. Actualización de Powerpoint del archivo de guía para carpeta",Iniciado,High,PM,"Maria de Lourdes Canul","Maria de Lourdes Canul",,"Apr 19, 2018 11:08 AM",,0
,"Elaboración de carpeta de proyecto 1165 FUNO, y 1158 AFECI, verificación de información horas de la iglesia 1148, verificación de información de Orangescrum.",Iniciado,High,PM,"Maria de Lourdes Canul","Maria de Lourdes Canul",,"Apr 20, 2018 12:49 PM",,0
,"Captura de información para entrega a la dirección.",Iniciado,High,PM,"Maria de Lourdes Canul","Maria de Lourdes Canul",,"Apr 23, 2018 1:37 PM",,0
,"Impresión de Excel de dcto. de transición, ingreso al drive y carpeta física de este documento. Actualización de Recursos en la pizarra por proyecto de FUNO. Actualización de Carpeta de FUNO.",Iniciado,High,PM,"Maria de Lourdes Canul","Maria de Lourdes Canul",,"Apr 23, 2018 6:33 PM",,0
,"Impresión listas de asistencia para CRM Salesforce Parks, creación de tareas en Orangescrum, impresión de kickoff de CRM FUNO.",Iniciado,High,PM,"Maria de Lourdes Canul","Maria de Lourdes Canul",,"Apr 24, 2018 6:27 PM",,0
,"Impresión de minuta del día 24/Abr/18, bajar información de Orangescrum para actualización de datos, Verificar con todos los recursos las horas registradas en Orangescrum para que registren las faltantes",Iniciado,High,PM,"Maria de Lourdes Canul","Maria de Lourdes Canul",,"Apr 26, 2018 1:23 PM",,0
,"Impresión de minuta del dia 25/Abril/2018, bajar información de Orangescrum y  Drive, empezar con la captura de información de registro de tiempos para informe a la dirección",Iniciado,High,PM,"Maria de Lourdes Canul","Maria de Lourdes Canul",,"Apr 26, 2018 1:25 PM",,0
,"Captura de Información para el informe a dirección",Iniciado,High,PM,"Maria de Lourdes Canul","Maria de Lourdes Canul",,"May 02, 2018 12:01 PM",,0
,"Verificación de registro de horas en Orangescrum",Iniciado,High,PM,"Maria de Lourdes Canul","Maria de Lourdes Canul",,"May 04, 2018 11:50 AM",,0
,"verificacion de registro de horas en Orangescrum, seguimiento de información de proyecto 1165",Iniciado,High,PM,"Maria de Lourdes Canul","Maria de Lourdes Canul",,"May 04, 2018 11:51 AM",,0
,"Recopilación de información para Dirección, realizo home-office",Iniciado,High,PM,"Maria de Lourdes Canul","Maria de Lourdes Canul",,"May 04, 2018 11:52 AM",,0
,"Actualizacíon de la pizarra con el proyecto FUNO",Iniciado,High,PM,"Maria de Lourdes Canul","Maria de Lourdes Canul",,"May 08, 2018 11:38 AM",,0
,"captura de información para entrega de la misma a dirección",Iniciado,High,PM,"Maria de Lourdes Canul","Maria de Lourdes Canul",,"May 08, 2018 11:39 AM",,0
,"Actualización de la pizarra con el proyecto FUNO, se actualiza la pizarra de recursos para FUNO,",Iniciado,High,PM,"Maria de Lourdes Canul","Maria de Lourdes Canul",,"May 08, 2018 11:41 AM",,0
,"Actualización de información en la pizarra de proyectos,",Iniciado,High,PM,"Maria de Lourdes Canul","Maria de Lourdes Canul",,"May 10, 2018 11:35 AM",,0
,"Creación de power point en base a relacionar el cronograma de proyecto con los tipos de tareas en Orangescrum",Iniciado,High,PM,"Maria de Lourdes Canul","Maria de Lourdes Canul",,"May 10, 2018 11:38 AM",,0
,"Entrega de power point de relacionar cronograma del proyecto con tipo de tarea en Orangescrum",Iniciado,High,PM,"Maria de Lourdes Canul","Maria de Lourdes Canul",,"May 10, 2018 11:39 AM",,0
,"Elaboración de carpeta para próximo centro de costos, actualización de pizarrón de recursos y de proyectos, análisis de power point de producción para gerencia",Iniciado,High,PM,"Maria de Lourdes Canul","Maria de Lourdes Canul",,"May 14, 2018 6:25 PM",,0
,"Se termina de crear la carpeta de nombre """"Vacía"""" lista para asignar proyecto. Se revisa Orangescrum y los recurso reportados no han actulalizado sus horarios. Se termina con el power point de creación de proyecto",Iniciado,High,PM,"Maria de Lourdes Canul","Maria de Lourdes Canul",,"May 17, 2018 11:20 AM",,0
,"Envío para Ross para informarle del registro de hrs de Brisel, Bancomer se recorrio su fecha de kickOff a principios de Junio, Office entregará el 28 de mayo",Iniciado,High,PM,"Maria de Lourdes Canul","Maria de Lourdes Canul",,"May 17, 2018 12:50 PM",,0
,"Verificación de Información para informe a la dirección, envío de información de Officemax a Ediel",Iniciado,High,PM,"Maria de Lourdes Canul","Maria de Lourdes Canul",,"May 17, 2018 1:45 PM",,0
,"Verificación de Información para informe a la dirección, envío de información de Officemax a Ediel",Iniciado,High,PM,"Maria de Lourdes Canul","Maria de Lourdes Canul",,"May 17, 2018 3:39 PM",,0
,"Verificación de Información para informe a la dirección, envío de información de Officemax a Ediel",Iniciado,High,PM,"Maria de Lourdes Canul","Maria de Lourdes Canul",,"May 17, 2018 3:39 PM",,0
,"Captura de información para reporte a la dirección general",Iniciado,High,PM,"Maria de Lourdes Canul","Maria de Lourdes Canul",,"May 25, 2018 9:03 AM",,0
,"Captura de información de reporte en power point para avances de proyectos, revisión de información en Orangescrum",Iniciado,High,PM,"Maria de Lourdes Canul","Maria de Lourdes Canul",,"May 25, 2018 9:06 AM",,0
,"Revisión y entrega de reporte de avances para la dirección, Captura de actas de cierre y go live de proyectos Edenred, OfficeMax, pendientes IEU por falta de Información.",Iniciado,High,PM,"Maria de Lourdes Canul","Maria de Lourdes Canul",,"May 25, 2018 9:08 AM",,0
,"Elaboración de reportes de producción para dirección. Alzar papelería de las paredes debido al cambio de oficina.",Iniciado,High,PM,"Maria de Lourdes Canul","Maria de Lourdes Canul",,"May 28, 2018 11:32 AM",,0
,"Revisión de registro de horas en Orange, elaboración formatos de Actas y Go Live confirmando los datos con los l´deres funcionales. Queda pendiente Canon por aclaración de un control de cambios.",Iniciado,High,PM,"Maria de Lourdes Canul","Maria de Lourdes Canul",,"May 29, 2018 11:13 AM",,0
,"Revisión de registro de horas en Orange, elaboración formatos de Actas y Go Live confirmando los datos con los l´deres funcionales. Queda pendiente Canon por aclaración de un control de cambios.",Iniciado,High,PM,"Maria de Lourdes Canul","Maria de Lourdes Canul",,"May 29, 2018 11:21 AM",,0
,"Revisión de registro de horas en Orange, elaboración formatos de Actas y Go Live confirmando los datos con los l´deres funcionales. Queda pendiente Canon por aclaración de un control de cambios.",Iniciado,High,PM,"Maria de Lourdes Canul","Maria de Lourdes Canul",,"May 29, 2018 11:35 AM",,0
,"Se verifica información de Canon un control de cambios de marzo 2018, elaboración de formatos acta de cierre y go live de proyecto. Subir a drive control de cambios de 1146.",Iniciado,High,PM,"Maria de Lourdes Canul","Maria de Lourdes Canul",,"May 29, 2018 4:42 PM",,0
,"Impresión del control de cambios de Canon 1108. Se archivan las carpetas por cambio de domicilio de la oficina. Actualización de Power Point de Mayo. Actualización de Excel de producción de Mayo. Revisión de registro de horas en Orangescrum.",Iniciado,High,PM,"Maria de Lourdes Canul","Maria de Lourdes Canul",,"May 30, 2018 6:12 PM",,0
,"Elaboración de Acta de cierre de proyecto y go live  para Canon, se entrega infomación a Marcos, se le informa a Julio. Elaboración de Informe para OfficeMax. Verificación de registro de horas de los recursos en Orangescrum.",Iniciado,High,PM,"Maria de Lourdes Canul","Maria de Lourdes Canul",,"May 31, 2018 6:03 PM",,0
,"Elaboración de reporte de producción para la dirección.",Iniciado,High,PM,"Maria de Lourdes Canul","Maria de Lourdes Canul",,"Jun 05, 2018 12:29 PM",,0
,"Realización de Powerpoint con información de las gráficas de Orangescrum",Iniciado,High,PM,"Maria de Lourdes Canul","Maria de Lourdes Canul",,"Jun 05, 2018 12:33 PM",,0
,"Elaboración de presentación de registro de horas del  mes de mayo 2018 en Orangescrum y Drive. Creación de centro de costos para el control de cambio de OfficeMax",Iniciado,High,PM,"Maria de Lourdes Canul","Maria de Lourdes Canul",,"Jun 06, 2018 10:58 AM",,0
,"Elaboración de Go live y Acta de cierre de proyecto del cc. 1138. Cambio de gráfica en Power Point de producción del mes de mayo.",Iniciado,High,PM,"Maria de Lourdes Canul","Maria de Lourdes Canul",,"Jun 07, 2018 1:33 PM",,0
,"Actualización de información para pago de facturas de clientes, Elaboración de archivos para el registro de información del mes de Junio 2018. Impresión de Historias de usuarios de FUNO.",Iniciado,High,PM,"Maria de Lourdes Canul","Maria de Lourdes Canul",,"Jun 07, 2018 6:02 PM",,0
,"Reporte de productividad, corte al de 1 al 7 de junio 2018, entrega de carta aceptación de la capacitación de IEU.",Iniciado,High,PM,"Maria de Lourdes Canul","Maria de Lourdes Canul",,"Jun 12, 2018 3:12 PM",,0
,"Información de las horas de registro en Orangescrum de Xertica pues no corresponden a las que se reportan en dirección.",Iniciado,High,PM,"Maria de Lourdes Canul","Maria de Lourdes Canul",,"Jun 12, 2018 3:14 PM",,0
,"Crear carpetas en drive de integraciones Dynamix-Caliddra. Entrega de excel con la información del departamento de desarrolllo, en cuanto horas utilizadas y horas pendientes a utilizar.",Iniciado,High,PM,"Maria de Lourdes Canul","Maria de Lourdes Canul",,"Jun 15, 2018 4:02 PM",,0
,"escaneo de lista de asistencia FUNO e ingreso al drive. Revisión en drive del cc 1138, modificaciones de actas de capacitación de IEU, Preparación de carpetas IEU.",Iniciado,High,PM,"Maria de Lourdes Canul","Maria de Lourdes Canul",,"Jun 15, 2018 4:07 PM",,0
,"Crear carpetas en drive de integraciones Dynamix-Calidra. Entrega de excel con la información del departamento de desarrolllo, en cuanto horas utilizadas y horas pendientes a utilizar.",Iniciado,High,PM,"Maria de Lourdes Canul","Maria de Lourdes Canul",,"Jun 15, 2018 4:10 PM",,0
,"Crear carpetas en drive de integraciones Dynamix-Calidra. Entrega de excel con la información del departamento de desarrolllo, en cuanto horas utilizadas y horas pendientes a utilizar. Se  crean las centros de costos 1168 y 1169.Subir al drive la información de FUNO de diseño.",Iniciado,High,PM,"Maria de Lourdes Canul","Maria de Lourdes Canul",,"Jun 15, 2018 4:16 PM",,0
,"impresión y preparación de carpetas de IEU..",Iniciado,High,PM,"Maria de Lourdes Canul","Maria de Lourdes Canul",,"Jun 15, 2018 4:17 PM",,0
,"Elaboración de carpetas en drive de algunos recursos de los que todavía se manejan en drive. Investigación de como elaborar las carpetas de manera correcta tanto física como en el drive.",Iniciado,High,PM,"Maria de Lourdes Canul","Maria de Lourdes Canul",,"Jun 15, 2018 4:20 PM",,0
,"Se termina  de imprimir las carpetas para el cliente IEU, y para CTCconsulting. Entrega de reporte de registro de horas de los recursos.",Iniciado,High,PM,"Maria de Lourdes Canul","Maria de Lourdes Canul",,"Jun 18, 2018 5:39 PM",,0
,"Entrega de archivos de registro de horas de los recursos. Se empieza a imprimir la carpeta de FUNO para el cliente.",Iniciado,High,PM,"Maria de Lourdes Canul","Maria de Lourdes Canul",,"Jun 18, 2018 5:43 PM",,0
,"Se informa de los recursos que tienen sus registros de horas al dia. Se imprimen las historias de usuarios de FUNO-PARKS para ingresar a la carpeta de cliente. Se termina de imprimir carpeta de cliente FUNO-PARKS, se agrega SOW y Control de Cambios de 15 de Junio 2018. Validación de la Certificación de DEV 1, de esto último se le informa a Marcos.",Iniciado,High,PM,"Maria de Lourdes Canul","Maria de Lourdes Canul",,"Jun 20, 2018 12:45 PM",,0
,"Escaneo de lista de asistencia de FUNO. Reporte de avance de OfficeMax de entrega semanal. Reporte de Orangescrum. Recabar información del avance de facturas en los proyectos. Impresión de documentos de OfficeMax para la carpeta de cliente.",Iniciado,High,PM,"Maria de Lourdes Canul","Maria de Lourdes Canul",,"Jun 21, 2018 3:46 PM",,0
,"Se crean centros de costos 1171.PROYINT.CTC.MOJO.11JUNIO2018 Y 1172.NOFACT.OCS.SISVTAS.20JUNIO2018. Validación de datos para la facturación. Resúmen de infomación de recursos de Orangescrum.",Iniciado,High,PM,"Maria de Lourdes Canul","Maria de Lourdes Canul",,"Jun 21, 2018 3:50 PM",,0
,"Reunión con Ediel para modificación de pasos en el alta de centro de costos y la alta de proyectos. Concentración  de información de los recursos en cuanto a su registro de horas. Entrega de reporte de regitro de horas para el informe a dirección.",Iniciado,High,PM,"Maria de Lourdes Canul","Maria de Lourdes Canul",,"Jun 26, 2018 11:28 AM",,0
,"Entrega de reporte de recursos por proyecto en registro de horas. Actualización de powerpoint de centro de costos. impresión.",Iniciado,High,PM,"Maria de Lourdes Canul","Maria de Lourdes Canul",,"Jun 26, 2018 11:32 AM",,0
,"Transición área comercial a administrativa del proyecto 1172. Se empieza con la carpeta en drive de proyecto 1172. . Se crea el cc 1172 facturable.",Iniciado,High,PM,"Maria de Lourdes Canul","Maria de Lourdes Canul",,"Jun 27, 2018 4:57 PM",,0
,"Se conforma la carpeta fisica de 1172. Entrega de la copia de la transición a PMO.",Iniciado,High,PM,"Maria de Lourdes Canul","Maria de Lourdes Canul",,"Jun 27, 2018 5:00 PM",,0
,"Se continua con la carpeta de OCS. Registro de Hora de Marco solo de esta semana, Comienzo a bajar información para realizar un reporte de avances en cuanto proyectos de Enero a Junio.",Iniciado,High,PM,"Maria de Lourdes Canul","Maria de Lourdes Canul",,"Jun 29, 2018 11:21 AM",,0
,"Reporte de Orangescrum para gerencia. Powerpoint de avance de producción de recursos.",Iniciado,High,PM,"Maria de Lourdes Canul","Maria de Lourdes Canul",,"Jul 05, 2018 11:08 AM",,0
,"Se realiza un avance de proyecto para XERTICA. Avance de información para un proyecto interno de producción de enero a junio 2018.",Iniciado,High,PM,"Maria de Lourdes Canul","Maria de Lourdes Canul",,"Jul 05, 2018 11:29 AM",,0
,"Revisión de issues de XERTICA para la presentación, con el cliente. Impresión de lista de asistencia para FUNO.",Iniciado,High,PM,"Maria de Lourdes Canul","Maria de Lourdes Canul",,"Jul 05, 2018 11:52 AM",,0
,"Reunión con clientes e involucrados en proyecto XERTICA, para avances del proyecto y trámite de factura. Verificación de datos de plan emergente OfficeMax e informe de avances semanal de OfficeMax.",Iniciado,High,PM,"Maria de Lourdes Canul","Maria de Lourdes Canul",,"Jul 05, 2018 4:27 PM",,0
,"Revisión de avances de plan emergente OfficeMax. Revisión de registro de horas en orange. Reunión con Marisol para información de creación de carpetas en drive y carpeta física.",Iniciado,High,PM,"Maria de Lourdes Canul","Maria de Lourdes Canul",,"Jul 05, 2018 4:31 PM",,0
,"Seguimieto a los diferentes proyectos de CTC. Información para la dirección en avance de proyectos y avance de recursos.",Iniciado,High,PM,"Maria de Lourdes Canul","Maria de Lourdes Canul",,"Jul 13, 2018 1:12 PM",,0
,"Elaboración de carpetas en drive. Elaboración de actas para algunos proyectos. Creación de cento de costos para el proyecto de office implant el cual esta programado a 3 meses.",Iniciado,High,PM,"Maria de Lourdes Canul","Maria de Lourdes Canul",,"Jul 13, 2018 1:15 PM",,0
,"Elaboración de carpetas para Officemax implant, IEU. Recabación de información para los nuevos proyectos. Acta de terminación de proyecto para IEU asi como  go live",Iniciado,High,PM,"Maria de Lourdes Canul","Maria de Lourdes Canul",,"Jul 13, 2018 1:18 PM",,0
,"Junta con Jocabed para la actualización de XERTICA, junta con Jorge y Ediel para actualización de información del proyecto Officemax, Entrega de PDF de actas de go live y cierre de proyecto XERTICA. escaneado de propuestas comerciales de Office Coffee Service, Módulo de promociones IEU, y Office Max Implant. Se envía correo informando del centro de costos para el nuevo proyecto de IEU.",Iniciado,High,PM,"Maria de Lourdes Canul","Maria de Lourdes Canul",,"Jul 13, 2018 1:22 PM",,0
,"Junta con cliente XERTICA. Envío de correo de minuta Canon a Ediel e Isa. Actualización y envío de power point para XERTICA. Entrega de informacuón para la dirección.",Iniciado,High,PM,"Maria de Lourdes Canul","Maria de Lourdes Canul",,"Jul 16, 2018 9:47 AM",,0
,"Junta con cliente XERTICA. Envío de correo de minuta Canon a Ediel e Isa. Actualización y envío de power point para XERTICA. Entrega de informacuón para la dirección.",Iniciado,High,PM,"Maria de Lourdes Canul","Maria de Lourdes Canul",,"Jul 16, 2018 9:47 AM",,0
,"Elaboración y entrega de información de recursos, de los registros de horas por recurso. Cira en rayos X",Iniciado,High,PM,"Maria de Lourdes Canul","Maria de Lourdes Canul",,"Jul 18, 2018 4:54 PM",,0
,"Verificar con Joca los issues pendientes de XERTICA. Recordatorio a Rogelio sobre Yosef. Carta y lista de Kick off del cliente IEU módulo de promociones",Iniciado,High,PM,"Maria de Lourdes Canul","Maria de Lourdes Canul",,"Jul 18, 2018 4:57 PM",,0
,"Se resuelve problema de Orangescrum para envío de correos. Se notifica a Yosef que se corrigió el problema con Orangescrum, para que registre sus horas. Actualización de archivo facturas por pagar. Se termina de crear la carpeta IEU 1170. Revisión de issues de XERTICA con Jocabed.",Iniciado,High,PM,"Maria de Lourdes Canul","Maria de Lourdes Canul",,"Jul 19, 2018 1:56 PM",,0
,"Junta con cliente XERTICA. Envío de correo de minuta Canon a Ediel e Isa. Actualización y envío de power point para XERTICA. Entrega de informacuón para la dirección.",Iniciado,High,PM,"Maria de Lourdes Canul","Maria de Lourdes Canul",,"Jul 19, 2018 1:59 PM",,0
,"Reunión con Ediel para revisión de actualización de facturación. Activación de alerta en correo. Impresión y armado de carpeta IEU para cliente y CTC. Carpetas OCS.",Iniciado,High,PM,"Maria de Lourdes Canul","Maria de Lourdes Canul",,"Jul 19, 2018 6:30 PM",,0
,"Reporte de registro de horas de orangescrum y drive. Entrega de reporte de horas Canon para Ediel de los meses de Febrero a Julio. Reunión con XERTICA (Jocabed, Ediel, Marisol, Roosevelt).",Iniciado,High,PM,"Maria de Lourdes Canul","Maria de Lourdes Canul",,"Jul 24, 2018 10:41 AM",,0
,"se imprimen las listas de PARKS, para la reunión de hoy, Se da acceso a la carpeta de OCS en drive a Arturo Carmono. Inhabilitación de proyectos OCS PREVENTA, IEU PREVENTA y TROUBLESHOOTING. Empiezo con el proceso de dar de alta en Orangescrum por base de datos a Ricardo Gama.",Iniciado,High,PM,"Maria de Lourdes Canul","Maria de Lourdes Canul",,"Jul 24, 2018 10:49 AM",,0
,"Registro y verificación de horas en orangescrum. Dar de alta al nuevo usuario de orangescrum Ricardo Gama. Realización las actas de terminación de presentación de flujo de FUNO.",Iniciado,High,PM,"Maria de Lourdes Canul","Maria de Lourdes Canul",,"Jul 25, 2018 5:39 PM",,0
,"Curso Orangescrum para el nuevo integrante de CTC Ricardo Gama Implant en OfficeMax. Escaneo de actas de validación, oficina y vvienda parks, Lista de Avance semanal en FUNO.",Iniciado,High,PM,"Maria de Lourdes Canul","Maria de Lourdes Canul",,"Jul 25, 2018 5:44 PM",,0
,"Entrega de reporte de hrs de la iglesia. Actualización Facturación. Revisión de horas Orangescrum.",Iniciado,High,PM,"Maria de Lourdes Canul","Maria de Lourdes Canul",,"Jul 26, 2018 6:34 PM",,0
,"Curso Orangescrum para el nuevo integrante de CTC Ricardo Gama Implant en OfficeMax. Escaneo de actas de validación, oficina y vvienda parks, Lista de Avance semanal en FUNO.",Iniciado,High,PM,"Maria de Lourdes Canul","Maria de Lourdes Canul",,"Jul 26, 2018 6:34 PM",,0
,"Registro y verificación de horas en orangescrum. Dar de alta al nuevo usuario de orangescrum Ricardo Gama. Realización las actas de terminación de presentación de flujo de FUNO.",Iniciado,High,PM,"Maria de Lourdes Canul","Maria de Lourdes Canul",,"Jul 26, 2018 6:34 PM",,0
,"Revisión de facturación con Ross, resúmen de horas de proyectos y recursos, creación de centro de costos para cliente Danos.",Iniciado,High,PM,"Maria de Lourdes Canul","Maria de Lourdes Canul",,"Aug 02, 2018 1:40 PM",,0
,"Actualización de powerpoint  presentación XERTICA, verificación orangescrum ya que no funciona. Rogelio levanta ticket para la revisión de Orangescrum.",Iniciado,High,PM,"Maria de Lourdes Canul","Maria de Lourdes Canul",,"Aug 02, 2018 1:46 PM",,0
,"Actualización  de Facturación. Envío de Información  a Marco de Actas de Go live y Officemax.",Iniciado,High,PM,"Maria de Lourdes Canul","Maria de Lourdes Canul",,"Aug 02, 2018 1:52 PM",,0
,"Actualización de Carpetas en drive y físicas. Verificación de Información de algunos proyectos como XERTICA y CANON. LLamada a Ricardo Gama y Yosef Garcia para la actualización de actividades en Orangescrum",Iniciado,High,PM,"Maria de Lourdes Canul","Maria de Lourdes Canul",,"Aug 02, 2018 2:00 PM",,0
,"Actualización de archivos para el registro de las horas apliacadas por los recursos.",Iniciado,High,PM,"Maria de Lourdes Canul","Maria de Lourdes Canul",,"Aug 02, 2018 2:01 PM",,0
,"Verificación de registro de horas para información a la dirección.",Iniciado,High,PM,"Maria de Lourdes Canul","Maria de Lourdes Canul",,"Aug 06, 2018 6:02 PM",,0
,"Creación de centro de costos para canon. Envío de correo para solicitar fecha de go live de EDENRED asi como fecha de término de proyecto. Envío de correo para Yosef para aclaración en Orangescrum.",Iniciado,High,PM,"Maria de Lourdes Canul","Maria de Lourdes Canul",,"Aug 06, 2018 6:05 PM",,0
,"Revisión de correo de powerpoint en avances Xertica, correo enviado por Joca. Impresión de lista de asistencia FUNO. El centro de costos 1138 se utilizará en Orangescrum a partir del 1 de Agosto, se envía correo a los usuarios de este centro de costos. Actualizació de la carpeta de Funo para el cliente. Se crean 4 carpetas que estarán disponibes para los próximos proyectos.",Iniciado,High,PM,"Maria de Lourdes Canul","Maria de Lourdes Canul",,"Aug 08, 2018 11:40 AM",,0
,"Revisión de correo de powerpoint en avances Xertica, correo enviado por Joca. Impresión de lista de asistencia FUNO. El centro de costos 1138 se utilizará en Orangescrum a partir del 1 de Agosto, se envía correo a los usuarios de este centro de costos. Actualizació de la carpeta de Funo para el cliente. Se crean 4 carpetas que estarán disponibes para los próximos proyectos. Elaboración de presentación del proyecto Officemax Implant para Paulo.",Iniciado,High,PM,"Maria de Lourdes Canul","Maria de Lourdes Canul",,"Aug 08, 2018 11:45 AM",,0
,"Elaboración y entrega de información de recursos, de los registros de horas por recurso. Cita en rayos X",Iniciado,High,PM,"Maria de Lourdes Canul","Maria de Lourdes Canul",,"Aug 08, 2018 11:45 AM",,0
,"Entrega de trabajo de horas implant, revisión de horas en Orangescrum, elaboración de carpeta física imperquimia, se sube su propuesta comercial de imperquimia a drive",Iniciado,High,PM,"Maria de Lourdes Canul","Maria de Lourdes Canul",,"Aug 10, 2018 12:33 PM",,0
,"Revisión de horas en orangescrum, actualización de presentación para Xertica junto con Jocabed",Iniciado,High,PM,"Maria de Lourdes Canul","Maria de Lourdes Canul",,"Aug 10, 2018 12:35 PM",,0
,"Junta con XERTICA, actualización de la presentación de XERTICA y envío de la misma a los gerentes para su conocimiento, actualización de horarios para usuarios en Orangescrum, Se entregó original de control de cambio OfficeMax para la agilización de la factura.",Iniciado,High,PM,"Maria de Lourdes Canul","Maria de Lourdes Canul",,"Aug 13, 2018 4:57 PM",,0
,"Junta con XERTICA, actualización de la presentación de XERTICA y envío de la misma a los gerentes para su conocimiento, actualización de horarios para usuarios en Orangescrum, Se entregó original de control de cambio OfficeMax para la agilización de la factura. Entrega de reporte para la dirección de las horas invertidas en los proyectos activos.",Iniciado,High,PM,"Maria de Lourdes Canul","Maria de Lourdes Canul",,"Aug 13, 2018 4:58 PM",,0
,"Resúmen de horas FUNO, escaneado de lista FUNO, impresión de go live Edenred. elaboración de go live de XERTICA.",Iniciado,High,PM,"Maria de Lourdes Canul","Maria de Lourdes Canul",,"Aug 14, 2018 11:42 AM",,0
,"Elaboración de presentación para OfficeMax, elaboración de reporte de 1 al 9 de agosto 2018.",Iniciado,High,PM,"Maria de Lourdes Canul","Maria de Lourdes Canul",,"Aug 15, 2018 12:47 PM",,0
,"Actualización de presentación OfficeMax Fase 1, Entrega de reporte  de producción de recursos por proyecto.",Iniciado,High,PM,"Maria de Lourdes Canul","Maria de Lourdes Canul",,"Aug 16, 2018 11:29 AM",,0
,"Se comienza con el muro de seguimiento de proyectos. Se da seguimiento al problema de orangescrum con Raúl. Explicación de como se realizará el muro de avances de proyectos.",Iniciado,High,PM,"Maria de Lourdes Canul","Maria de Lourdes Canul",,"Aug 17, 2018 3:12 PM",,0
,"Elaboración de reporfte de producción por proyecto para la dirección general",Iniciado,High,PM,"Maria de Lourdes Canul","Maria de Lourdes Canul",,"Aug 20, 2018 11:19 AM",,0
,"Actividades varias",Iniciado,High,PM,"Maria de Lourdes Canul","Maria de Lourdes Canul",,"Aug 26, 2018 4:40 PM",,0
,"Actividades varias",Iniciado,High,PM,"Maria de Lourdes Canul","Maria de Lourdes Canul",,"Aug 26, 2018 4:41 PM",,0
,"Actividades varias",Iniciado,High,PM,"Maria de Lourdes Canul","Maria de Lourdes Canul",,"Aug 26, 2018 4:42 PM",,0
,"Actividades varias",Iniciado,High,PM,"Maria de Lourdes Canul","Maria de Lourdes Canul",,"Aug 26, 2018 4:43 PM",,0
,"Impresión y colocar en carpeta go live XERTICA, se realiza llamada con los implant para la actualización de sus horas pues estan mal registradas. Entrega de información de las horas apliacadas con los recursos office implant. Se hace carta de tétmino de proyecto para XERTICA, anteriormente se le había hecho una con fecha 06 de julio 2018, la fecha de confirma con Joca líder de proyecto. Se recibe la transición comercial admvo de Imperquimia.",Iniciado,High,PM,"Maria de Lourdes Canul","Maria de Lourdes Canul",,"Aug 28, 2018 1:17 PM",,0
,"Envío de justificante médico por falta del dia 21 junio 2018, escaneado, guardado de actas en físico y drive proyecto FUNO, Ubicación de reporte de horas LDS en carpeta 1131 (Iglesia). Capacitación de OCS en oficinas del cliente.",Iniciado,High,PM,"Maria de Lourdes Canul","Maria de Lourdes Canul",,"Aug 28, 2018 1:22 PM",,0
,"Continuidad de el muro de proyectos. Entrega de reporte de registro de horas por proyecto. (fecha real domingo 25 3 horas).",Iniciado,High,PM,"Maria de Lourdes Canul","Maria de Lourdes Canul",,"Aug 28, 2018 1:24 PM",,0
,"Continuidad de el muro de proyectos.",Iniciado,High,PM,"Maria de Lourdes Canul","Maria de Lourdes Canul",,"Aug 28, 2018 1:25 PM",,0
,"Continuidad con el muro de proyectos. Entrega de reporte de horas por proyecto (real domingo 25 3 horas)",Iniciado,High,PM,"Maria de Lourdes Canul","Maria de Lourdes Canul",,"Aug 28, 2018 1:27 PM",,0
,"Se empieza con el muro de proyectos activos, papelería, planes de trabajo con las horas planeadas y después con las horas reales.",Iniciado,High,PM,"Maria de Lourdes Canul","Maria de Lourdes Canul",,"Aug 28, 2018 1:28 PM",,0
,"Verificación de los planes de trabajo de proyectos activos con PM. Plasmar en el muro con la supervisión de PM.",Iniciado,High,PM,"Maria de Lourdes Canul","Maria de Lourdes Canul",,"Aug 28, 2018 1:30 PM",,0
,"impresión de avances de FUNO. Entrega de horas Implant. Recibo de listas y acta de capacitación de OCS, falta acta de capacitación operattiva. Se continua con muro de proyectos colocando el de FUNO.",Iniciado,High,PM,"Maria de Lourdes Canul","Maria de Lourdes Canul",,"Aug 28, 2018 6:47 PM",,0
,"Entrega de acta de cierre de Edenred con fecha 27 de agosto. Se termina con el muro de los proyectos.",Iniciado,High,PM,"Maria de Lourdes Canul","Maria de Lourdes Canul",,"Aug 31, 2018 5:24 PM",,0
,"continuación de elaboración de guía de estudio para Admin. Actualización del proyecto XERTICA, Se coloca en el muro los proyectos por bolsa de horas con sus avances respectivos.",Iniciado,High,PM,"Maria de Lourdes Canul","Maria de Lourdes Canul",,"Aug 31, 2018 5:26 PM",,0
,"Actualización avances XERTICA. Actualización de Facturación, Se les pide a los recursos de office Implant actualizacen sus horarios.",Iniciado,High,PM,"Maria de Lourdes Canul","Maria de Lourdes Canul",,"Sep 02, 2018 3:58 PM",,0
,"Elaboración de maqueta programa de certificaciones. Elaboración de archivos de registro de horas por recurso.",Iniciado,High,PM,"Maria de Lourdes Canul","Maria de Lourdes Canul",,"Sep 05, 2018 6:16 PM",,0
,"Plan de trabajo para FUNO actualizado, Impresiòn de lista de asistencia para FUNO. Impresión de hojas para información de certificaciones.",Iniciado,High,PM,"Maria de Lourdes Canul","Maria de Lourdes Canul",,"Sep 06, 2018 11:06 AM",,0
,"Se actualiza plan de trabajo IEU, Se coloca el muro de certificaciones actuales y próxima certificaciones.",Iniciado,High,PM,"Maria de Lourdes Canul","Maria de Lourdes Canul",,"Sep 06, 2018 11:10 AM",,0
,"Actualización de archivos para información de septiembre. Verificación de plan de trabajo de OCS.",Iniciado,High,PM,"Maria de Lourdes Canul","Maria de Lourdes Canul",,"Sep 07, 2018 12:51 PM",,0
,"Envío de correo para personas que no se encuentran actualizadas en su registro de horas, se da de alta centro de costos imperquimia en orangescrum. Elaboración de reporte para direccón.",Iniciado,High,PM,"Maria de Lourdes Canul","Maria de Lourdes Canul",,"Sep 10, 2018 4:46 PM",,0
,"Creación de centro de costos y carpeta de Total Play Implant. Se le solicita a Rogelio la alta a orangescrum  de Alberto. Entrega de acta de cierre de XERTICA y actualización de la misma. Revisión de avances de registro de horas de recursos en orangescrum. Se envío correo informativo del centro de costos que se creo para Total Play Implant.",Iniciado,High,PM,"Maria de Lourdes Canul","Maria de Lourdes Canul",,"Sep 11, 2018 1:59 PM",,0
